text,label,category
"Congratulations! You have won ₹50,000 in KBC Lottery. Click this link immediately to claim http://kbc-winner-reward.xyz/claim",1,"Prize / Lottery Scam"
"Urgent: Your HDFC Bank account will be suspended today due to pending KYC update. Click http://hdfc-bank-kyc-update.top to update PAN card details now.",1,"Banking / Financial Scam"
"Dear Customer, your electricity connection will be disconnected at 9:30 PM tonight because your previous month bill was not updated. Contact Officer at 9876543210 immediately.",1,"Impersonation"
"Earn ₹5,000 to ₹10,000 per day by liking YouTube videos from home! No experience required. Telegram @easy_income_daily now.",1,"Job Scam"
"Your India Post parcel #IN984210 could not be delivered due to incomplete delivery address. Update details & pay ₹49 redelivery fee at http://indiapost-parcel.top/update",1,"Delivery / Parcel Scam"
"Your WhatsApp account is reported for violation. Verify your identity within 1 hour or account will be permanently blocked. Click http://wa-verify-account.info",1,"Account Takeover"
"SBI Alert: Dear customer, your debit card has been locked. Share 6-digit OTP sent to your mobile to unlock card immediately.",1,"OTP / Credential Scam"
"Double your Crypto investment in 24 hours! Guaranteed 300% return on Bitcoin and USDT. Join official Telegram group http://crypto-boom-returns.xyz",1,"Investment Scam"
"Hey baby, I missed you so much! Send me $500 for emergency medical bills via gift card, I will pay you back double when we meet next week.",1,"Romance / Social Engineering"
"Security Notice: Login attempt from unknown IP address in Russia detected on your Google Account. Click http://google-security-check.work to secure your password.",1,"Phishing"
"Aapka SBI account block ho gaya hai. Abhi PAN Card update kare link par click karke: http://sbi-pan-update.xyz aksar late karne par fine lagega.",1,"Banking / Financial Scam"
"Badhai ho! Aapne ₹1,00,000 ka cashback reward jeeta hai. Immediately claim karne ke liye link open kare http://paytm-reward-claim.top",1,"Prize / Lottery Scam"
"Part time job opportunity: Daily 2 hours work from home. Earn ₹3000 daily salary. Send your WhatsApp number to start working now.",1,"Job Scam"
"Dear user, your Netflix subscription has expired today. Renew now for ₹199 and get 1 year free! http://netflix-promo-offer.xyz",1,"Phishing"
"URGENT: Income Tax Refund of ₹15,400 has been approved for your account. Enter your bank credentials at http://incometax-refund-gov.work to credit refund.",1,"Impersonation"
"Courier Status: Your package is held at Mumbai Customs. Pay ₹199 clearance charge at http://express-customs-pay.site to release shipment.",1,"Delivery / Parcel Scam"
"Exclusive offer: Get iPhone 15 Pro for just ₹1,999! Limited stock available today. Click http://apple-mega-sale.club to order before offer ends.",1,"Prize / Lottery Scam"
"Alert: Unrecognized UPI transfer of ₹25,000 initiated from your account. If not done by you, immediately block account by calling 9123456789.",1,"Banking / Financial Scam"
"Hi mom, I lost my phone and wallet. Please send ₹10,000 urgently to this UPI ID: friend@upi. Don't call me right now, I am using someone else's phone.",1,"Romance / Social Engineering"
"Instant Loan Approved: Get ₹2,00,000 loan without documentation in 5 minutes! Click http://quick-easy-loan.top to apply now.",1,"Banking / Financial Scam"
"Hi Rahul, here is the project file for tomorrow's presentation. Please review when free: https://drive.google.com/file/d/1234567/view",0,"Legitimate"
"Your OTP for ICICI Bank netbanking login is 482910. Do not share this OTP with anyone, including bank officials.",0,"Legitimate"
"Hi Team, our weekly sync meeting is rescheduled to 4:00 PM today. Zoom link: https://zoom.us/j/987654321",0,"Legitimate"
"Dear Customer, your Amazon order #402-9842109 has been shipped and will be delivered tomorrow by 8 PM. Track: https://amazon.in/orders",0,"Legitimate"
"Swiggy: Your delivery partner Ramesh is on the way with your order. Track real-time status in the Swiggy app.",0,"Legitimate"
"Dear student, your attendance report for August month has been uploaded on the university portal. Login to view details.",0,"Legitimate"
"Airtel Alert: You have used 80% of your daily data quota. Recharge now via Airtel Thanks app for uninterrupted internet.",0,"Legitimate"
"Hey Ramesh, are we still meeting for coffee at 5 PM today near Connaught Place?",0,"Legitimate"
"Your Uber ride is confirmed. Driver Vijay (MH02AB1234) will arrive in 4 mins. Share OTP 1928 with driver upon boarding.",0,"Legitimate"
"Electricity Department: Thank you for paying your bill of ₹1,450 on 05-Sep-2026. Transaction Ref: TXN9872140.",0,"Legitimate"
"KBC Official Notice: Your SIM card number has been selected in lucky draw for ₹25 Lakhs! Send bank account number to claim prize.",1,"Prize / Lottery Scam"
"Bank Alert: Your YONO SBI access is blocked due to non-KYC compliance. Download APK file to update: http://sbi-yono-update.apk",1,"Banking / Financial Scam"
"Urgent requirement: Online rating job. Earn ₹500 per 10 reviews. Daily payout via Google Pay. Contact HR on WhatsApp 9988776655.",1,"Job Scam"
"Customs Duty Pending: Foreign parcel containing valuable gold jewelry arrived in your name. Pay ₹5,000 tax to release parcel http://customs-dept-pay.top",1,"Delivery / Parcel Scam"
"Warning! Your Facebook page will be unpublished within 24 hours due to copyright infringement. Verify account at http://fb-copyright-appeal.info",1,"Account Takeover"
"Hi dear, I saw your profile on Instagram and really liked your pictures. Let us connect on Telegram @lovely_angel for deep friendship.",1,"Romance / Social Engineering"
"Guaranteed Trading Signals: Make 10x profit on Stock Market & Forex with 99% accuracy! Join VIP Signal Channel: http://stock-vip-signals.xyz",1,"Investment Scam"
"TRAI Warning: Your mobile number will be disconnected within 2 hours due to illegal activity. Dial 9 to connect to TRAI Customer Care.",1,"Impersonation"
"Free Recharge Alert: Government is giving 3 months free Jio/Airtel recharge to all citizens! Claim free recharge at http://gov-free-recharge.site",1,"Prize / Lottery Scam"
"Alert: Suspicious login attempt from London, UK. Enter your banking PIN at http://bank-security-verify.top to protect your funds.",1,"OTP / Credential Scam"
"Hello Priya, please find attached the invoice for invoice #INV-2026-089 for your recent purchase. Thanks!",0,"Legitimate"
"Your Zomato order has been delivered. Enjoy your meal! Rate your delivery experience in the Zomato app.",0,"Legitimate"
"Reminder: Your doctor appointment with Dr. Sharma is scheduled for tomorrow at 11:30 AM at Max Hospital.",0,"Legitimate"
"Dear Customer, ₹500 has been debited from your HDFC Bank account XX9812 towards bill payment at D-Mart on 07-Sep-2026.",0,"Legitimate"
"Hi Amit, happy birthday! Wishing you a fantastic year ahead filled with joy and success.",0,"Legitimate"
"Flipkart: Big Billion Days sale starts midnight! Explore deals on electronics and fashion directly on Flipkart app.",0,"Legitimate"
"Your BookMyShow ticket for Movie: Jawan is confirmed. Hall 3, Screen 1. Show code: BMS-98412.",0,"Legitimate"
"Dear Valued Customer, your monthly broadband statement for August 2026 is ready. Total amount due: ₹799.",0,"Legitimate"
"Hi Dad, reached college safely. Will call you in the evening after classes.",0,"Legitimate"
"Google Security Alert: New login detected on Windows PC. If this was you, no action is needed.",0,"Legitimate"
"Urgent Notice: Paytm Payment Gateway suspended. Click link to transfer funds immediately http://paytm-security-transfer.top",1,"Banking / Financial Scam"
"You won a lucky gift voucher worth ₹10,000 from Amazon! Redeem now at http://amazon-gift-winner.club before offer expires.",1,"Prize / Lottery Scam"
"Data Entry Job: Type simple captchas and earn ₹30,000 monthly from home. Deposit ₹500 registration fee to get started.",1,"Job Scam"
"Speed Post Notice: Delivery failed. Address incorrect. Update address immediately at http://speedpost-tracking-update.work",1,"Delivery / Parcel Scam"
"Warning: Unauthorised access detected on your Axis Bank Netbanking. Click http://axis-netbank-fix.site to verify password.",1,"OTP / Credential Scam"
"Aapko Paytm se ₹2,500 ka reward Mila hai. Account me lene ke liye UPI PIN enter kare is link par: http://paytm-scratch-card.info",1,"Banking / Financial Scam"
"URGENT: Police Warrant issued against your name for cybercrime investigation. Pay penalty fee ₹15,000 online to cancel warrant http://e-challan-court.xyz",1,"Impersonation"
"Get 500% profit in 3 days! Guaranteed return investment scheme approved by RBI. Click http://rbi-approved-scheme.top",1,"Investment Scam"
"Hello handsome, I am lonely and want to meet you tonight. Click my private photos link: http://meet-hot-singles.xyz",1,"Romance / Social Engineering"
"Your WhatsApp backup failed. Download new security update APK from http://wa-security-update.apk to avoid losing chat history.",1,"Account Takeover"
"Hi boss, sending the Q3 financial report draft. Please check email attachment when free.",0,"Legitimate"
"Your order from Myntra #1029841 has been delivered to your doorstep.",0,"Legitimate"
"LIC India: Premium reminder for policy #987654321 due on 15-Sep-2026. Pay online via LIC Customer Portal app.",0,"Legitimate"
"Your PayTM UPI transaction of ₹120 to Tea Stall was successful. UPI Ref ID: 629841029841.",0,"Legitimate"
"Hi Team, please submit your leave requests for next week by Thursday end of day.",0,"Legitimate"
"IndiGo Flight 6E-204 from Delhi to Mumbai is on time. Gate 4, Departure 08:30 AM.",0,"Legitimate"
"Dear Customer, your Jio Fiber plan will expire in 3 days. Recharge via MyJio app to continue service.",0,"Legitimate"
"Hi, thanks for reaching out. We will process your request within 24 business hours.",0,"Legitimate"
"Can you please share the recipe for that cake you brought yesterday? It was delicious!",0,"Legitimate"
"Axis Bank: Credit Card bill of ₹4,320 generated for month of August. Due date: 20-Sep-2026.",0,"Legitimate"
"Congratulations! Your mobile number won $1,000,000 in Coca Cola Anniversary Draw! Email claims@coca-cola-lottery.xyz immediately.",1,"Prize / Lottery Scam"
"SBI YONO: Dear customer, your netbanking will be closed today. Click http://sbi-yono-kyc.top to fill PAN card & OTP.",1,"Banking / Financial Scam"
"Work 1 hour daily and earn ₹8,000! No investment required. WhatsApp us at 9811223344 right now.",1,"Job Scam"
"FedEx Package Alert: Your parcel was intercepted due to illegal contents. Pay ₹3,500 fine to avoid police arrest http://fedex-customs-clear.site",1,"Impersonation"
"Urgent: Someone tried to login to your Instagram account from Russia. Click http://instagram-verify-device.info to secure password.",1,"Account Takeover"
"PAN Card Link Warning: Fine of ₹10,000 imposed if PAN not linked to Aadhar today! Link now at http://pan-aadhar-link-fast.xyz",1,"Impersonation"
"High returns guaranteed! Deposit ₹1,000 and get ₹10,000 in 1 hour via automated crypto bot http://crypto-fast-payout.site",1,"Investment Scam"
"Telegram Admin Notice: Your account is scheduled for deletion due to spam reports. Verify phone number at http://telegram-verify-user.top",1,"Account Takeover"
"Urgent parcel update: Courier driver unable to find your house. Click http://courier-location-fix.xyz to update GPS location.",1,"Delivery / Parcel Scam"
"Congratulation! Your loan request of ₹5,00,000 is pre-approved at 0% interest rate! Pay ₹1,999 processing fee at http://instant-loan-approval.top",1,"Banking / Financial Scam"
"Hey Sneha, can you please send me the notes from yesterday's Machine Learning lecture?",0,"Legitimate"
"Dear Customer, your vehicle insurance policy #POL-89412 is expiring on 25-Sep-2026. Renew on PolicyBazaar app.",0,"Legitimate"
"Your OTP for login to Domino's Pizza is 392014. Valid for 5 minutes. Do not share with anyone.",0,"Legitimate"
"Hi Sunil, I have shared the Google Doc link for our project proposal. Please review when you get time.",0,"Legitimate"
"Dear Customer, your complaint #CR98412 has been resolved. Thank you for choosing Tata Play.",0,"Legitimate"
"Salary Credited: Your salary of ₹65,000 for month of August 2026 credited to HDFC account XX4910.",0,"Legitimate"
"Reminder: Library book 'Introduction to Algorithms' is due for return on 10-Sep-2026.",0,"Legitimate"
"Hi everyone, pizza party in cafeteria at 4 PM to celebrate team target completion!",0,"Legitimate"
"Your Amazon Pay ICICI Credit Card cashback of ₹450 has been credited to your pay balance.",0,"Legitimate"
"Dear customer, your gas cylinder booking #784910 is confirmed for delivery on 08-Sep-2026.",0,"Legitimate"
"Congratulations! You are selected for Kaun Banega Crorepati Season 15! Send ₹2,500 registration fee to claim ₹50 Lakhs prize.",1,"Prize / Lottery Scam"
"Bank Notice: Urgent KYC updates required for Punjab National Bank. Click http://pnb-kyc-verify.xyz to prevent account lock.",1,"Banking / Financial Scam"
"Typing job available! Earn ₹40,000 per month typing 5 pages daily. No qualifications needed. WhatsApp 9876001122.",1,"Job Scam"
"DHL Express: Shipment #DHL98410 delivery failed. Pay ₹99 re-delivery charges at http://dhl-express-redelivery.site",1,"Delivery / Parcel Scam"
"Warning: Netflix Account suspended due to payment failure. Update card details immediately at http://netflix-account-update.top",1,"Account Takeover"
"Income Tax Alert: You have pending tax refund of ₹24,500. Enter netbanking password at http://incometax-gov-claim.xyz to claim.",1,"Impersonation"
"Dear user, win ₹10,000 Google Pay scratch card! Click http://gpay-reward-scratch.site and enter UPI PIN to receive money.",1,"Banking / Financial Scam"
"Earn 50% daily interest on your savings! Certified by Government of India. Join now: http://gov-high-yield-scheme.top",1,"Investment Scam"
"Emergency: Your brother met with an accident! Send ₹20,000 to doctor's UPI ID: doctor.emergency@upi immediately for operation.",1,"Romance / Social Engineering"
"Alert: Unauthorised transfer of ₹50,000 attempted on your Kotak account. Stop transfer by entering OTP at http://kotak-stop-txn.info",1,"OTP / Credential Scam"
"Hi Deepak, please confirm if you will be attending the webinar on AI Security tomorrow at 3 PM.",0,"Legitimate"
"Your Dunzo delivery partner is arriving in 5 minutes with your groceries.",0,"Legitimate"
"Dear Valued Customer, your SBI Credit Card statement for cycle 01-Aug to 31-Aug has been generated.",0,"Legitimate"
"Hi Priya, thanks for inviting us over for dinner last night. We had a great time!",0,"Legitimate"
"Your Fastag account balance is low (₹85). Recharge via PhonePe or PayTM to avoid toll delay.",0,"Legitimate"
"Dear Student, online registration for semester exams opens tomorrow on official college website.",0,"Legitimate"
"Urban Company: Professional electrician assigned for your service request #UC98410 tomorrow at 10 AM.",0,"Legitimate"
"Hi Rohan, I have reviewed the code PR and left a few minor comments on GitHub.",0,"Legitimate"
"Your OTP for Flipkart login is 918234. Valid for 10 mins. Never share OTP with anyone.",0,"Legitimate"
"Dear Customer, your broadband plan has been upgraded to 200 Mbps at no extra cost. Enjoy high speed internet!",0,"Legitimate"
